{"stats":{"minecraft:picked_up":{"minecraft:stick":2,"minecraft:dark_oak_log":8,"minecraft:dark_oak_planks":3},"minecraft:custom":{"minecraft:jump":14,"minecraft:time_since_rest":24196,"minecraft:sprint_one_cm":165,"minecraft:leave_game":1,"minecraft:play_time":24196,"minecraft:time_since_death":24196,"minecraft:walk_one_cm":3550,"minecraft:sneak_time":47,"minecraft:total_world_time":24196,"minecraft:fall_one_cm":269},"minecraft:crafted":{"minecraft:dark_oak_planks":32},"minecraft:mined":{"minecraft:dark_oak_planks":3,"minecraft:dark_oak_log":8,"minecraft:dark_oak_leaves":5},"minecraft:used":{"minecraft:dark_oak_planks":8,"minecraft:dark_oak_leaves":7,"minecraft:dark_oak_log":12}},"DataVersion":3337}