{"stats":{"minecraft:picked_up":{"minecraft:dark_oak_planks":3,"minecraft:stick":2,"minecraft:dark_oak_log":12},"minecraft:custom":{"minecraft:time_since_rest":37702,"minecraft:play_time":37702,"minecraft:leave_game":3,"minecraft:sprint_one_cm":1033,"minecraft:walk_one_cm":6506,"minecraft:time_since_death":37702,"minecraft:sneak_time":47,"minecraft:total_world_time":37702,"minecraft:fly_one_cm":1430,"minecraft:fall_one_cm":687,"minecraft:jump":27},"minecraft:crafted":{"minecraft:dark_oak_planks":32},"minecraft:mined":{"minecraft:dark_oak_planks":3,"minecraft:dark_oak_log":12,"minecraft:dark_oak_leaves":12},"minecraft:used":{"minecraft:dark_oak_planks":8,"minecraft:dark_oak_leaves":7,"minecraft:dark_oak_log":12}},"DataVersion":3337}