{"stats":{"minecraft:picked_up":{"minecraft:stick":2,"minecraft:dark_oak_log":8,"minecraft:dark_oak_planks":3},"minecraft:custom":{"minecraft:jump":13,"minecraft:time_since_rest":12196,"minecraft:sprint_one_cm":165,"minecraft:leave_game":1,"minecraft:play_time":12196,"minecraft:time_since_death":12196,"minecraft:walk_one_cm":3055,"minecraft:sneak_time":43,"minecraft:total_world_time":12196,"minecraft:fall_one_cm":269},"minecraft:crafted":{"minecraft:dark_oak_planks":32},"minecraft:mined":{"minecraft:dark_oak_planks":3,"minecraft:dark_oak_log":8,"minecraft:dark_oak_leaves":5},"minecraft:used":{"minecraft:dark_oak_planks":8}},"DataVersion":3337}