{"stats":{"minecraft:used":{"minecraft:dark_oak_planks":8,"minecraft:dark_oak_log":12,"minecraft:dark_oak_leaves":7},"minecraft:custom":{"minecraft:time_since_rest":40409,"minecraft:sprint_one_cm":5655,"minecraft:play_time":40409,"minecraft:damage_taken":10,"minecraft:walk_one_cm":8725,"minecraft:sneak_time":47,"minecraft:jump":73,"minecraft:damage_dealt":30,"minecraft:leave_game":6,"minecraft:time_since_death":40409,"minecraft:total_world_time":40409,"minecraft:fall_one_cm":4046,"minecraft:fly_one_cm":7384},"minecraft:mined":{"minecraft:dark_oak_planks":3,"minecraft:dark_oak_leaves":14,"minecraft:red_mushroom_block":1,"minecraft:dark_oak_log":12},"minecraft:picked_up":{"minecraft:dark_oak_planks":3,"minecraft:stick":2,"minecraft:oak_log":1,"minecraft:dark_oak_log":12},"minecraft:crafted":{"minecraft:dark_oak_planks":32}},"DataVersion":3337}