{"stats":{"minecraft:killed":{"minecraft:chicken":4},"minecraft:mined":{"minecraft:oak_log":1,"minecraft:dark_oak_log":2,"minecraft:oak_leaves":1},"minecraft:picked_up":{"minecraft:feather":4,"minecraft:chicken":4,"minecraft:dark_oak_log":2},"minecraft:custom":{"minecraft:time_since_rest":4037,"minecraft:deaths":1,"minecraft:play_time":5508,"minecraft:sprint_one_cm":3752,"minecraft:damage_taken":265,"minecraft:walk_one_cm":10695,"minecraft:mob_kills":4,"minecraft:jump":18,"minecraft:damage_dealt":263,"minecraft:time_since_death":4009,"minecraft:total_world_time":5508,"minecraft:interact_with_crafting_table":1,"minecraft:fall_one_cm":745,"minecraft:fly_one_cm":2395},"minecraft:used":{"minecraft:sculk_sensor":1,"minecraft:netherite_sword":2,"minecraft:wooden_sword":5,"minecraft:dirt":2,"minecraft:crafting_table":1,"minecraft:grass_block":23,"minecraft:dark_oak_button":1},"minecraft:crafted":{"minecraft:wooden_sword":1,"minecraft:dark_oak_planks":8,"minecraft:crafting_table":1,"minecraft:stick":4},"minecraft:killed_by":{"minecraft:zombie":1}},"DataVersion":3337}