{"stats":{"minecraft:killed":{"minecraft:enderman":1},"minecraft:mined":{"minecraft:dark_oak_log":8,"minecraft:grass_block":1,"minecraft:oak_leaves":2},"minecraft:custom":{"minecraft:jump":107,"minecraft:time_since_rest":5308,"minecraft:damage_taken":500,"minecraft:leave_game":2,"minecraft:damage_dealt":370,"minecraft:crouch_one_cm":484,"minecraft:sprint_one_cm":13040,"minecraft:play_time":7591,"minecraft:walk_one_cm":12534,"minecraft:time_since_death":5246,"minecraft:deaths":1,"minecraft:sneak_time":128,"minecraft:total_world_time":7591,"minecraft:mob_kills":1,"minecraft:fall_one_cm":5670,"minecraft:fly_one_cm":10587},"minecraft:killed_by":{"minecraft:creeper":1},"minecraft:picked_up":{"minecraft:grass_block":2,"minecraft:dark_oak_log":8,"minecraft:dirt":8}},"DataVersion":3337}